<?xml version="1.0"?>
<doc>
    <assembly>
        <name>ClusterKit.Core.Service</name>
    </assembly>
    <members>
        <member name="T:ClusterKit.Core.Service.Bootstrapper">
            <summary>
            Dependency injection configuration
            </summary>
        </member>
        <member name="M:ClusterKit.Core.Service.Bootstrapper.ConfigureAndStart(Castle.Windsor.IWindsorContainer,System.String[])">
            <summary>
             Dependency injection configuration
            </summary>
            <param name="container">Dependency injection container</param>
            <param name="configurations">
            Startup parameters
            </param>
            <returns>The actor system</returns>
        </member>
        <member name="M:ClusterKit.Core.Service.Bootstrapper.CreateTopLevelConfig(System.String[])">
            <summary>
            Creates configuration file from environment variables, start-up parameters and local files
            </summary>
            <param name="configurations">Start up parameters</param>
            <returns>Top level configuration</returns>
            <remarks>
            Load priority:
                * List of files in start up parameters in order of parameters
                * environment variables
                * akka.hocon file in local application directory
                * Akka config section in application configuration file
            </remarks>
        </member>
        <member name="T:ClusterKit.Core.Service.Program">
            <summary>
            Service main entry point
            </summary>
        </member>
        <member name="F:ClusterKit.Core.Service.Program.CommandUsage">
            <summary>
            Help description for command run
            </summary>
        </member>
        <member name="P:ClusterKit.Core.Service.Program.Container">
            <summary>
            Gets or sets the dependency injection container
            </summary>
        </member>
        <member name="M:ClusterKit.Core.Service.Program.Main(System.String[])">
            <summary>
            Service main entry point
            </summary>
            <param name="args">
            Startup parameters
            </param>
        </member>
    </members>
</doc>
